hates fighting,john
john,hates fighting
john,hates fighting
john,hates fighting
Jean Michel,fefe est de bordeaux
Jean Michel,fefe est de bordeaux
Jean Michel,fefe est de bordeaux
john,hates fighting
Jean Michel,fefe est de bordeaux
john,hates fighting
john,hates fighting
john,hates fighting
john,hates fighting
john,hates fighting
john,hates fighting
john,hates fighting
john,hates fighting
john,hates fighting
john,hates fighting
john,hates fighting
john,hates fighting
john,hates fighting
john,hates fighting
john,hates fighting
john,hates fighting
hhh,dodiod
